"line number","contest name","choice name","party name","total votes","percent of votes","registered voters","ballots cast","num Area total","num Area rptg","over votes","under votes"
1,"United States Representative District 1 (Vote For 1)","Rod Blum","REP",153442,45.91,506399,294524,20,20,"0","0"
2,"United States Representative District 1 (Vote For 1)","Abby Finkenauer","DEM",170342,50.96,506399,294524,20,20,"0","0"
3,"United States Representative District 1 (Vote For 1)","Troy Hageman","LIB",10285,3.08,506399,294524,20,20,"0","0"
4,"United States Representative District 1 (Vote For 1)","Write-in","",174,0.05,506399,294524,20,20,"0","0"
5,"United States Representative District 2 (Vote For 1)","Christopher Peters","REP",133287,42.60,431107,318271,24,24,"0","0"
6,"United States Representative District 2 (Vote For 1)","Dave Loebsack","DEM",171446,54.79,431107,318271,24,24,"0","0"
7,"United States Representative District 2 (Vote For 1)","Mark David Strauss","LIB",6181,1.98,431107,318271,24,24,"0","0"
8,"United States Representative District 2 (Vote For 1)","Daniel Clark","",1837,0.59,431107,318271,24,24,"0","0"
9,"United States Representative District 2 (Vote For 1)","Write-in","",162,0.05,431107,318271,24,24,"0","0"
10,"United States Representative District 3 (Vote For 1)","David Young","REP",167933,47.14,478450,360604,16,16,"0","0"
11,"United States Representative District 3 (Vote For 1)","Cindy Axne","DEM",175642,49.30,478450,360604,16,16,"0","0"
12,"United States Representative District 3 (Vote For 1)","Bryan Jack Holder","LIB",7267,2.04,478450,360604,16,16,"0","0"
13,"United States Representative District 3 (Vote For 1)","Paul Knupp","GRN",1888,0.53,478450,360604,16,16,"0","0"
14,"United States Representative District 3 (Vote For 1)","Mark Elworth Jr.","LMN",2015,0.57,478450,360604,16,16,"0","0"
15,"United States Representative District 3 (Vote For 1)","Joe Grandanette","",1301,0.37,478450,360604,16,16,"0","0"
16,"United States Representative District 3 (Vote For 1)","Write-in","",195,0.05,478450,360604,16,16,"0","0"
17,"United States Representative District 4 (Vote For 1)","Steve King","REP",157676,50.34,429674,317785,39,39,"0","0"
18,"United States Representative District 4 (Vote For 1)","J.D. Scholten","DEM",147246,47.01,429674,317785,39,39,"0","0"
19,"United States Representative District 4 (Vote For 1)","Charles Aldrich","LIB",6161,1.97,429674,317785,39,39,"0","0"
20,"United States Representative District 4 (Vote For 1)","Edward Peterson","",1962,0.63,429674,317785,39,39,"0","0"
21,"United States Representative District 4 (Vote For 1)","Write-in","",206,0.07,429674,317785,39,39,"0","0"
22,"Governor/Lieutenant Governor (Vote For 1)","Kim Reynolds/Adam Gregg","REP",667275,50.26,1845630,1291184,99,99,"0","0"
23,"Governor/Lieutenant Governor (Vote For 1)","Fred Hubbell/Rita R. Hart","DEM",630986,47.53,1845630,1291184,99,99,"0","0"
24,"Governor/Lieutenant Governor (Vote For 1)","Jake Porter/Lynne Gentry","LIB",21426,1.61,1845630,1291184,99,99,"0","0"
25,"Governor/Lieutenant Governor (Vote For 1)","Gary Siegwarth/Natalia Blaskovich","CWP",7463,0.56,1845630,1291184,99,99,"0","0"
26,"Governor/Lieutenant Governor (Vote For 1)","Write-in","",488,0.04,1845630,1291184,99,99,"0","0"
27,"Secretary of State (Vote For 1)","Paul D. Pate","REP",685780,52.72,1845630,1291184,99,99,"0","0"
28,"Secretary of State (Vote For 1)","Deidre DeJear","DEM",583774,44.87,1845630,1291184,99,99,"0","0"
29,"Secretary of State (Vote For 1)","Jules Ofenbakh","LIB",30881,2.37,1845630,1291184,99,99,"0","0"
30,"Secretary of State (Vote For 1)","Write-in","",482,0.04,1845630,1291184,99,99,"0","0"
31,"Auditor of State (Vote For 1)","Mary Mosiman","REP",601320,46.42,1845630,1291184,99,99,"0","0"
32,"Auditor of State (Vote For 1)","Rob Sand","DEM",660169,50.96,1845630,1291184,99,99,"0","0"
33,"Auditor of State (Vote For 1)","Fred Perryman","LIB",33421,2.58,1845630,1291184,99,99,"0","0"
34,"Auditor of State (Vote For 1)","Write-in","",458,0.04,1845630,1291184,99,99,"0","0"
35,"Treasurer of State (Vote For 1)","Jeremy N. Davis","REP",553691,42.73,1845630,1291184,99,99,"0","0"
36,"Treasurer of State (Vote For 1)","Michael L. Fitzgerald","DEM",710426,54.82,1845630,1291184,99,99,"0","0"
37,"Treasurer of State (Vote For 1)","Timothy Hird","LIB",31268,2.41,1845630,1291184,99,99,"0","0"
38,"Treasurer of State (Vote For 1)","Write-in","",465,0.04,1845630,1291184,99,99,"0","0"
39,"Secretary of Agriculture (Vote For 1)","Mike Naig","REP",651552,50.35,1845630,1291184,99,99,"0","0"
40,"Secretary of Agriculture (Vote For 1)","Tim Gannon","DEM",602916,46.59,1845630,1291184,99,99,"0","0"
41,"Secretary of Agriculture (Vote For 1)","Rick Stewart","LIB",38965,3.01,1845630,1291184,99,99,"0","0"
42,"Secretary of Agriculture (Vote For 1)","Write-in","",597,0.05,1845630,1291184,99,99,"0","0"
43,"Attorney General (Vote For 1)","Tom Miller","DEM",880531,76.51,1845630,1291184,99,99,"0","0"
44,"Attorney General (Vote For 1)","Marco Battaglia","LIB",262131,22.78,1845630,1291184,99,99,"0","0"
45,"Attorney General (Vote For 1)","Write-in","",8237,0.72,1845630,1291184,99,99,"0","0"
46,"State Senator District 1 (Vote For 1)","Zach Whiting","REP",21245,98.22,39441,27372,5,5,"0","0"
47,"State Senator District 1 (Vote For 1)","Write-in","",384,1.78,39441,27372,5,5,"0","0"
48,"State Senator District 3 (Vote For 1)","Jim Carlin","REP",16366,64.73,17636,46511,2,2,"0","0"
49,"State Senator District 3 (Vote For 1)","Dave Dawson","DEM",8884,35.14,17636,46511,2,2,"0","0"
50,"State Senator District 3 (Vote For 1)","Write-in","",34,0.13,17636,46511,2,2,"0","0"
51,"State Senator District 5 (Vote For 1)","Tim Kraayenbrink","REP",14571,61.94,41800,25851,4,4,"0","0"
52,"State Senator District 5 (Vote For 1)","John J. O'Brien","DEM",8935,37.98,41800,25851,4,4,"0","0"
53,"State Senator District 5 (Vote For 1)","Write-in","",19,0.08,41800,25851,4,4,"0","0"
54,"State Senator District 7 (Vote For 1)","Rick Bertrand","REP",8676,48.67,0,35635,1,1,"8","414"
55,"State Senator District 7 (Vote For 1)","Jackie Smith","DEM",9125,51.19,0,35635,1,1,"8","414"
56,"State Senator District 7 (Vote For 1)","Write-in","",26,0.15,0,35635,1,1,"8","414"
57,"State Senator District 9 (Vote For 1)","Jason Schultz","REP",18533,97.80,37221,59140,6,6,"0","0"
58,"State Senator District 9 (Vote For 1)","Write-in","",417,2.20,37221,59140,6,6,"0","0"
59,"State Senator District 11 (Vote For 1)","Tom Shipley","REP",18007,67.21,20593,46900,4,4,"0","0"
60,"State Senator District 11 (Vote For 1)","Sara Ramsey","DEM",8770,32.73,20593,46900,4,4,"0","0"
61,"State Senator District 11 (Vote For 1)","Write-in","",16,0.06,20593,46900,4,4,"0","0"
62,"State Senator District 13 (Vote For 1)","Julian Garrett","REP",17199,55.86,46922,32015,2,2,"0","0"
63,"State Senator District 13 (Vote For 1)","Vicky Brenner","DEM",13558,44.04,46922,32015,2,2,"0","0"
64,"State Senator District 13 (Vote For 1)","Write-in","",30,0.10,46922,32015,2,2,"0","0"
65,"State Senator District 15 (Vote For 1)","Zach Nunn","REP",16988,56.90,334573,223443,2,2,"3","292"
66,"State Senator District 15 (Vote For 1)","Dan Nieland","DEM",12830,42.97,334573,223443,2,2,"3","292"
67,"State Senator District 15 (Vote For 1)","Write-in","",38,0.13,334573,223443,2,2,"3","292"
68,"State Senator District 17 (Vote For 1)","Tony Bisignano","DEM",17808,96.57,309811,207423,1,1,"0","0"
69,"State Senator District 17 (Vote For 1)","Write-in","",633,3.43,309811,207423,1,1,"0","0"
70,"State Senator District 19 (Vote For 1)","Jack Whitver","REP",18598,51.31,309811,207423,1,1,"0","0"
71,"State Senator District 19 (Vote For 1)","Amber Gustafson","DEM",17608,48.58,309811,207423,1,1,"0","0"
72,"State Senator District 19 (Vote For 1)","Write-in","",37,0.10,309811,207423,1,1,"0","0"
73,"State Senator District 21 (Vote For 1)","Brian B. Bales","REP",10511,33.85,345779,231752,2,2,"0","0"
74,"State Senator District 21 (Vote For 1)","Claire Celsi","DEM",20499,66.01,345779,231752,2,2,"0","0"
75,"State Senator District 21 (Vote For 1)","Write-in","",46,0.15,345779,231752,2,2,"0","0"
76,"State Senator District 23 (Vote For 1)","Herman C. Quirmbach","DEM",19020,74.78,69525,42966,1,1,"0","0"
77,"State Senator District 23 (Vote For 1)","Eric Cooper","LIB",6273,24.66,69525,42966,1,1,"0","0"
78,"State Senator District 23 (Vote For 1)","Write-in","",141,0.55,69525,42966,1,1,"0","0"
79,"State Senator District 25 (Vote For 1)","Annette Sweeney","REP",16621,61.58,95108,62181,4,4,"0","0"
80,"State Senator District 25 (Vote For 1)","Tracy Freese","DEM",10345,38.33,95108,62181,4,4,"0","0"
81,"State Senator District 25 (Vote For 1)","Write-in","",23,0.09,95108,62181,4,4,"0","0"
82,"State Senator District 27 (Vote For 1)","Shannon Latham","REP",12322,48.97,47222,29488,3,3,"0","0"
83,"State Senator District 27 (Vote For 1)","Amanda Ragan","DEM",12823,50.97,47222,29488,3,3,"0","0"
84,"State Senator District 27 (Vote For 1)","Write-in","",15,0.06,47222,29488,3,3,"0","0"
85,"State Senator District 29 (Vote For 1)","Carrie Koelker","REP",15493,53.53,98187,17362,3,3,"0","0"
86,"State Senator District 29 (Vote For 1)","Tod R. Bowman","DEM",13437,46.43,98187,17362,3,3,"0","0"
87,"State Senator District 29 (Vote For 1)","Write-in","",10,0.03,98187,17362,3,3,"0","0"
88,"State Senator District 31 (Vote For 1)","Bill Dotzler","DEM",14573,97.62,89192,53470,1,1,"11","4573"
89,"State Senator District 31 (Vote For 1)","Write-in","",356,2.38,89192,53470,1,1,"11","4573"
90,"State Senator District 33 (Vote For 1)","Edward Bernie Hayes","REP",9407,34.39,154556,102448,1,1,"18","589"
91,"State Senator District 33 (Vote For 1)","Robert M. Hogg","DEM",17912,65.48,154556,102448,1,1,"18","589"
92,"State Senator District 33 (Vote For 1)","Write-in","",35,0.13,154556,102448,1,1,"18","589"
93,"State Senator District 35 (Vote For 1)","Todd Taylor","DEM",19875,96.21,154556,102448,1,1,"16","6517"
94,"State Senator District 35 (Vote For 1)","Write-in","",784,3.79,154556,102448,1,1,"16","6517"
95,"State Senator District 37 (Vote For 1)","Zach Wahls","DEM",20321,78.02,44061,91528,3,3,"0","0"
96,"State Senator District 37 (Vote For 1)","Carl A. Krambeck","LIB",5566,21.37,44061,91528,3,3,"0","0"
97,"State Senator District 37 (Vote For 1)","Write-in","",158,0.61,44061,91528,3,3,"0","0"
98,"State Senator District 39 (Vote For 1)","Heather Hora","REP",13130,45.42,29194,81593,3,3,"0","287"
99,"State Senator District 39 (Vote For 1)","Kevin Kinney","DEM",15758,54.51,29194,81593,3,3,"0","287"
100,"State Senator District 39 (Vote For 1)","Write-in","",21,0.07,29194,81593,3,3,"0","287"
101,"State Senator District 41 (Vote For 1)","Mariannette Miller-Meeks","REP",11460,51.74,42363,25436,4,4,"0","0"
102,"State Senator District 41 (Vote For 1)","Mary S. Stewart","DEM",10652,48.09,42363,25436,4,4,"0","0"
103,"State Senator District 41 (Vote For 1)","Write-in","",36,0.16,42363,25436,4,4,"0","0"
104,"State Senator District 43 (Vote For 1)","Patrick Joseph Wronkiewicz","REP",6107,20.41,7311,68262,1,1,"4","734"
105,"State Senator District 43 (Vote For 1)","Joe Bolkcom","DEM",23790,79.50,7311,68262,1,1,"4","734"
106,"State Senator District 43 (Vote For 1)","Write-in","",29,0.10,7311,68262,1,1,"4","734"
107,"State Senator District 45 (Vote For 1)","Jim Lykam","DEM",14629,96.07,127185,69543,1,1,"10","4361"
108,"State Senator District 45 (Vote For 1)","Write-in","",599,3.93,127185,69543,1,1,"10","4361"
109,"State Senator District 47 (Vote For 1)","Roby Smith","REP",16125,52.77,127185,69543,1,1,"0","413"
110,"State Senator District 47 (Vote For 1)","Marie Gleason","DEM",14418,47.18,127185,69543,1,1,"0","413"
111,"State Senator District 47 (Vote For 1)","Write-in","",17,0.06,127185,69543,1,1,"0","413"
112,"State Senator District 49 (Vote For 1)","Chris Cournoyer","REP",13305,54.90,160429,87922,2,2,"8","314"
113,"State Senator District 49 (Vote For 1)","Patti Robinson","DEM",10916,45.05,160429,87922,2,2,"8","314"
114,"State Senator District 49 (Vote For 1)","Write-in","",12,0.05,160429,87922,2,2,"8","314"
115,"State Representative District 1 (Vote For 1)","John H. Wills","REP",10501,74.34,21596,16601,3,3,"0","0"
116,"State Representative District 1 (Vote For 1)","Karen A. Larson","DEM",3617,25.61,21596,16601,3,3,"0","0"
117,"State Representative District 1 (Vote For 1)","Write-in","",8,0.06,21596,16601,3,3,"0","0"
118,"State Representative District 2 (Vote For 1)","Megan Lee Hess Jones","REP",8241,66.00,26731,19657,3,3,"0","0"
119,"State Representative District 2 (Vote For 1)","Ryan Odor","DEM",4231,33.89,26731,19657,3,3,"0","0"
120,"State Representative District 2 (Vote For 1)","Write-in","",14,0.11,26731,19657,3,3,"0","0"
121,"State Representative District 3 (Vote For 1)","Dan Huseman","REP",10694,99.06,57143,36946,4,4,"0","0"
122,"State Representative District 3 (Vote For 1)","Write-in","",102,0.94,57143,36946,4,4,"0","0"
123,"State Representative District 4 (Vote For 1)","Skyler Wheeler","REP",11037,95.13,21358,15002,1,1,"0","0"
124,"State Representative District 4 (Vote For 1)","Write-in","",565,4.87,21358,15002,1,1,"0","0"
125,"State Representative District 5 (Vote For 1)","Thomas Jeneary","REP",9774,76.77,17636,46511,2,2,"0","0"
126,"State Representative District 5 (Vote For 1)","Andrew Emanuel","DEM",2949,23.16,17636,46511,2,2,"0","0"
127,"State Representative District 5 (Vote For 1)","Write-in","",8,0.06,17636,46511,2,2,"0","0"
128,"State Representative District 6 (Vote For 1)","Jacob Bossman","REP",7092,56.40,0,35635,1,1,"1","344"
129,"State Representative District 6 (Vote For 1)","Rita DeJong","DEM",5469,43.49,0,35635,1,1,"1","344"
130,"State Representative District 6 (Vote For 1)","Write-in","",14,0.11,0,35635,1,1,"1","344"
131,"State Representative District 7 (Vote For 1)","Tedd Gassman","REP",7153,56.93,14096,15861,3,3,"4","109"
132,"State Representative District 7 (Vote For 1)","Debra Jensen","DEM",5404,43.01,14096,15861,3,3,"4","109"
133,"State Representative District 7 (Vote For 1)","Write-in","",8,0.06,14096,15861,3,3,"4","109"
134,"State Representative District 8 (Vote For 1)","Terry Baxter","REP",8413,67.08,16145,17233,3,3,"0","0"
135,"State Representative District 8 (Vote For 1)","Connie Price","DEM",4125,32.89,16145,17233,3,3,"0","0"
136,"State Representative District 8 (Vote For 1)","Write-in","",4,0.03,16145,17233,3,3,"0","0"
137,"State Representative District 9 (Vote For 1)","Ann Meyer","REP",5604,51.73,24139,14232,1,1,"0","0"
138,"State Representative District 9 (Vote For 1)","Megan L. Srinivas","DEM",5221,48.20,24139,14232,1,1,"0","0"
139,"State Representative District 9 (Vote For 1)","Write-in","",8,0.07,24139,14232,1,1,"0","0"
140,"State Representative District 10 (Vote For 1)","Mike Sexton","REP",8595,67.04,41800,25851,4,4,"0","0"
141,"State Representative District 10 (Vote For 1)","Jake Ronald Thompson","DEM",4211,32.84,41800,25851,4,4,"0","0"
142,"State Representative District 10 (Vote For 1)","Write-in","",15,0.12,41800,25851,4,4,"0","0"
143,"State Representative District 11 (Vote For 1)","Gary Worthan","REP",8376,97.83,18548,10991,2,2,"0","0"
144,"State Representative District 11 (Vote For 1)","Write-in","",186,2.17,18548,10991,2,2,"0","0"
145,"State Representative District 12 (Vote For 1)","Brian Best","REP",8458,65.74,28141,17361,3,3,"0","0"
146,"State Representative District 12 (Vote For 1)","Peter Leo","DEM",4402,34.22,28141,17361,3,3,"0","0"
147,"State Representative District 12 (Vote For 1)","Write-in","",5,0.04,28141,17361,3,3,"0","0"
148,"State Representative District 13 (Vote For 1)","Chris Hall","DEM",6685,95.54,0,35635,1,1,"1","2414"
149,"State Representative District 13 (Vote For 1)","Write-in","",312,4.46,0,35635,1,1,"1","2414"
150,"State Representative District 14 (Vote For 1)","Robert Henderson","REP",3936,46.03,0,35635,1,1,"7","279"
151,"State Representative District 14 (Vote For 1)","Timothy H. Kacena","DEM",4606,53.87,0,35635,1,1,"7","279"
152,"State Representative District 14 (Vote For 1)","Write-in","",9,0.11,0,35635,1,1,"7","279"
153,"State Representative District 15 (Vote For 1)","LeAnn L. Hughes","REP",3590,43.59,0,34332,1,1,"5","127"
154,"State Representative District 15 (Vote For 1)","Charlie McConkey","DEM",4635,56.28,0,34332,1,1,"5","127"
155,"State Representative District 15 (Vote For 1)","Write-in","",10,0.12,0,34332,1,1,"5","127"
156,"State Representative District 16 (Vote For 1)","Mary Ann Hanusa","REP",4949,49.51,0,34332,1,1,"7","134"
157,"State Representative District 16 (Vote For 1)","Steve Gorman","DEM",4835,48.37,0,34332,1,1,"7","134"
158,"State Representative District 16 (Vote For 1)","Steve Sechrest","LIB",208,2.08,0,34332,1,1,"7","134"
159,"State Representative District 16 (Vote For 1)","Write-in","",4,0.04,0,34332,1,1,"7","134"
160,"State Representative District 17 (Vote For 1)","Matt W. Windschitl","REP",8584,71.12,19670,48497,4,4,"0","0"
161,"State Representative District 17 (Vote For 1)","Jan Creasman","DEM",3468,28.73,19670,48497,4,4,"0","0"
162,"State Representative District 17 (Vote For 1)","Write-in","",18,0.15,19670,48497,4,4,"0","0"
163,"State Representative District 18 (Vote For 1)","Steven Holt","REP",8316,97.17,26378,16697,3,3,"0","0"
164,"State Representative District 18 (Vote For 1)","Write-in","",242,2.83,26378,16697,3,3,"0","0"
165,"State Representative District 19 (Vote For 1)","Chris Hagenow","REP",10539,56.23,371232,249276,2,2,"0","0"
166,"State Representative District 19 (Vote For 1)","Gregg Gustafson","DEM",7689,41.03,371232,249276,2,2,"0","0"
167,"State Representative District 19 (Vote For 1)","Richard Dedor","IND",498,2.66,371232,249276,2,2,"0","0"
168,"State Representative District 19 (Vote For 1)","Write-in","",15,0.08,371232,249276,2,2,"0","0"
169,"State Representative District 20 (Vote For 1)","Ray Bubba Sorensen","REP",7659,62.27,74589,56246,4,4,"0","0"
170,"State Representative District 20 (Vote For 1)","Warren Varley","DEM",4625,37.60,74589,56246,4,4,"0","0"
171,"State Representative District 20 (Vote For 1)","Write-in","",15,0.12,74589,56246,4,4,"0","0"
172,"State Representative District 21 (Vote For 1)","Tom Moore","REP",7932,65.68,20593,46900,4,4,"0","0"
173,"State Representative District 21 (Vote For 1)","Denise O'Brien","DEM",4139,34.27,20593,46900,4,4,"0","0"
174,"State Representative District 21 (Vote For 1)","Write-in","",6,0.05,20593,46900,4,4,"0","0"
175,"State Representative District 22 (Vote For 1)","Jon Jacobsen","REP",9707,65.90,0,34332,1,1,"4","318"
176,"State Representative District 22 (Vote For 1)","Ray Stevens","DEM",5003,33.96,0,34332,1,1,"4","318"
177,"State Representative District 22 (Vote For 1)","Write-in","",21,0.14,0,34332,1,1,"4","318"
178,"State Representative District 23 (Vote For 1)","David Sieck","REP",7931,66.10,22820,13431,3,3,"0","0"
179,"State Representative District 23 (Vote For 1)","Chuck Larson","DEM",4060,33.84,22820,13431,3,3,"0","0"
180,"State Representative District 23 (Vote For 1)","Write-in","",7,0.06,22820,13431,3,3,"0","0"
181,"State Representative District 24 (Vote For 1)","Cecil Dolecheck","REP",7709,67.74,20728,14460,4,4,"0","0"
182,"State Representative District 24 (Vote For 1)","James Uhlenkamp","DEM",3666,32.21,20728,14460,4,4,"0","0"
183,"State Representative District 24 (Vote For 1)","Write-in","",5,0.04,20728,14460,4,4,"0","0"
184,"State Representative District 25 (Vote For 1)","Stan Gustafson","REP",9420,59.25,46922,32015,2,2,"0","0"
185,"State Representative District 25 (Vote For 1)","Ryan Marquardt","DEM",6470,40.69,46922,32015,2,2,"0","0"
186,"State Representative District 25 (Vote For 1)","Write-in","",10,0.06,46922,32015,2,2,"0","0"
187,"State Representative District 26 (Vote For 1)","Rebel Snodgrass","REP",6572,44.43,35968,24329,1,1,"0","0"
188,"State Representative District 26 (Vote For 1)","Scott Ourth","DEM",8195,55.41,35968,24329,1,1,"0","0"
189,"State Representative District 26 (Vote For 1)","Write-in","",24,0.16,35968,24329,1,1,"0","0"
190,"State Representative District 27 (Vote For 1)","Joel Fry","REP",7691,69.02,16427,12719,4,4,"0","0"
191,"State Representative District 27 (Vote For 1)","Richard Foster","DEM",3441,30.88,16427,12719,4,4,"0","0"
192,"State Representative District 27 (Vote For 1)","Write-in","",11,0.10,16427,12719,4,4,"0","0"
193,"State Representative District 28 (Vote For 1)","Jon Thorup","REP",8132,64.15,52238,34703,3,3,"0","54"
194,"State Representative District 28 (Vote For 1)","Ann M. Fields","DEM",4538,35.80,52238,34703,3,3,"0","54"
195,"State Representative District 28 (Vote For 1)","Write-in","",7,0.06,52238,34703,3,3,"0","54"
196,"State Representative District 29 (Vote For 1)","Ann Howell","REP",5354,41.22,24762,16020,1,1,"1","270"
197,"State Representative District 29 (Vote For 1)","Wes Breckenridge","DEM",7620,58.66,24762,16020,1,1,"1","270"
198,"State Representative District 29 (Vote For 1)","Write-in","",16,0.12,24762,16020,1,1,"1","270"
199,"State Representative District 30 (Vote For 1)","Brian K. Lohse","REP",9463,56.14,309811,207423,1,1,"0","0"
200,"State Representative District 30 (Vote For 1)","Kent A. Balduchi","DEM",7378,43.77,309811,207423,1,1,"0","0"
201,"State Representative District 30 (Vote For 1)","Write-in","",14,0.08,309811,207423,1,1,"0","0"
202,"State Representative District 31 (Vote For 1)","Rick L. Olson","DEM",8576,95.97,309811,207423,1,1,"0","0"
203,"State Representative District 31 (Vote For 1)","Write-in","",360,4.03,309811,207423,1,1,"0","0"
204,"State Representative District 32 (Vote For 1)","William M. Charlier","REP",2388,26.83,309811,207423,1,1,"0","0"
205,"State Representative District 32 (Vote For 1)","Ruth Ann Gaines","DEM",6250,70.22,309811,207423,1,1,"0","0"
206,"State Representative District 32 (Vote For 1)","ToyA S. Johnson","LIB",250,2.81,309811,207423,1,1,"0","0"
207,"State Representative District 32 (Vote For 1)","Write-in","",13,0.15,309811,207423,1,1,"0","0"
208,"State Representative District 33 (Vote For 1)","Gregory T. Malone","REP",3283,32.21,309811,207423,1,1,"0","0"
209,"State Representative District 33 (Vote For 1)","Brian Meyer","DEM",6886,67.57,309811,207423,1,1,"0","0"
210,"State Representative District 33 (Vote For 1)","Write-in","",22,0.22,309811,207423,1,1,"0","0"
211,"State Representative District 34 (Vote For 1)","Jerry Cheevers","REP",3229,27.46,309811,207423,1,1,"0","0"
212,"State Representative District 34 (Vote For 1)","Bruce Hunter","DEM",7930,67.43,309811,207423,1,1,"0","0"
213,"State Representative District 34 (Vote For 1)","Marrianna Collins","LIB",590,5.02,309811,207423,1,1,"0","0"
214,"State Representative District 34 (Vote For 1)","Write-in","",11,0.09,309811,207423,1,1,"0","0"
215,"State Representative District 35 (Vote For 1)","Ako Abdul-Samad","DEM",5682,77.85,309811,207423,1,1,"0","0"
216,"State Representative District 35 (Vote For 1)","John Callahan","LIB",1552,21.26,309811,207423,1,1,"0","0"
217,"State Representative District 35 (Vote For 1)","Write-in","",65,0.89,309811,207423,1,1,"0","0"
218,"State Representative District 36 (Vote For 1)","Marti Anderson","DEM",11246,80.33,309811,207423,1,1,"0","0"
219,"State Representative District 36 (Vote For 1)","Joseph Howe","LIB",2687,19.19,309811,207423,1,1,"0","0"
220,"State Representative District 36 (Vote For 1)","Write-in","",67,0.48,309811,207423,1,1,"0","0"
221,"State Representative District 37 (Vote For 1)","John Landon","REP",10428,51.96,309811,207423,1,1,"0","0"
222,"State Representative District 37 (Vote For 1)","Andrew Rasmussen","DEM",9618,47.92,309811,207423,1,1,"0","0"
223,"State Representative District 37 (Vote For 1)","Write-in","",25,0.12,309811,207423,1,1,"0","0"
224,"State Representative District 38 (Vote For 1)","Kevin Koester","REP",7710,48.37,309811,207423,1,1,"0","0"
225,"State Representative District 38 (Vote For 1)","Heather Matson","DEM",8216,51.54,309811,207423,1,1,"0","0"
226,"State Representative District 38 (Vote For 1)","Write-in","",15,0.09,309811,207423,1,1,"0","0"
227,"State Representative District 39 (Vote For 1)","Jake Highfill","REP",9353,48.26,309811,207423,1,1,"0","0"
228,"State Representative District 39 (Vote For 1)","Karin Derry","DEM",9658,49.83,309811,207423,1,1,"0","0"
229,"State Representative District 39 (Vote For 1)","Anthony Junk","LIB",362,1.87,309811,207423,1,1,"0","0"
230,"State Representative District 39 (Vote For 1)","Write-in","",9,0.05,309811,207423,1,1,"0","0"
231,"State Representative District 40 (Vote For 1)","John Forbes","DEM",11565,96.80,309811,207423,1,1,"0","0"
232,"State Representative District 40 (Vote For 1)","Write-in","",382,3.20,309811,207423,1,1,"0","0"
233,"State Representative District 41 (Vote For 1)","Jo Oldson","DEM",12279,84.83,309811,207423,1,1,"0","0"
234,"State Representative District 41 (Vote For 1)","Claudia Addy","",2109,14.57,309811,207423,1,1,"0","0"
235,"State Representative District 41 (Vote For 1)","Write-in","",87,0.60,309811,207423,1,1,"0","0"
236,"State Representative District 42 (Vote For 1)","Peter Cownie","REP",7155,46.13,345779,231752,2,2,"0","0"
237,"State Representative District 42 (Vote For 1)","Kristin Sunde","DEM",8346,53.81,345779,231752,2,2,"0","0"
238,"State Representative District 42 (Vote For 1)","Write-in","",10,0.06,345779,231752,2,2,"0","0"
239,"State Representative District 43 (Vote For 1)","Michael Boal","REP",6431,41.19,309811,207423,1,1,"0","0"
240,"State Representative District 43 (Vote For 1)","Jennifer Konfrst","DEM",8852,56.70,309811,207423,1,1,"0","0"
241,"State Representative District 43 (Vote For 1)","Chad Brewbaker","LIB",318,2.04,309811,207423,1,1,"0","0"
242,"State Representative District 43 (Vote For 1)","Write-in","",11,0.07,309811,207423,1,1,"0","0"
243,"State Representative District 44 (Vote For 1)","Anna Bergman","REP",9959,46.09,61421,41853,1,1,"0","0"
244,"State Representative District 44 (Vote For 1)","Kenan Judge","DEM",11169,51.69,61421,41853,1,1,"0","0"
245,"State Representative District 44 (Vote For 1)","Gabriel Thomson","LIB",469,2.17,61421,41853,1,1,"0","0"
246,"State Representative District 44 (Vote For 1)","Write-in","",10,0.05,61421,41853,1,1,"0","0"
247,"State Representative District 45 (Vote For 1)","Ben Brown","REP",4342,31.09,69525,42966,1,1,"0","0"
248,"State Representative District 45 (Vote For 1)","Beth Wessel-Kroeschell","DEM",9607,68.79,69525,42966,1,1,"0","0"
249,"State Representative District 45 (Vote For 1)","Write-in","",16,0.11,69525,42966,1,1,"0","0"
250,"State Representative District 46 (Vote For 1)","Lisa K. Heddens","DEM",10725,97.65,69525,42966,1,1,"0","0"
251,"State Representative District 46 (Vote For 1)","Write-in","",258,2.35,69525,42966,1,1,"0","0"
252,"State Representative District 47 (Vote For 1)","Phil Thompson","REP",6856,51.71,24935,16377,2,2,"0","0"
253,"State Representative District 47 (Vote For 1)","David Weaver","DEM",5974,45.06,24935,16377,2,2,"0","0"
254,"State Representative District 47 (Vote For 1)","Patrick A. Shaw","LIB",424,3.20,24935,16377,2,2,"0","0"
255,"State Representative District 47 (Vote For 1)","Write-in","",5,0.04,24935,16377,2,2,"0","0"
256,"State Representative District 48 (Vote For 1)","Robert P. Bacon","REP",8052,58.74,122245,75878,4,4,"0","0"
257,"State Representative District 48 (Vote For 1)","Tim Winter","DEM",5643,41.17,122245,75878,4,4,"0","0"
258,"State Representative District 48 (Vote For 1)","Write-in","",12,0.09,122245,75878,4,4,"0","0"
259,"State Representative District 49 (Vote For 1)","Dave Deyoe","REP",7950,56.75,76800,50241,2,2,"0","0"
260,"State Representative District 49 (Vote For 1)","Brenda Brink","DEM",5524,39.43,76800,50241,2,2,"0","0"
261,"State Representative District 49 (Vote For 1)","John Evans","LIB",533,3.80,76800,50241,2,2,"0","0"
262,"State Representative District 49 (Vote For 1)","Write-in","",3,0.02,76800,50241,2,2,"0","0"
263,"State Representative District 50 (Vote For 1)","Pat Grassley","REP",8763,66.82,25583,19215,3,3,"0","0"
264,"State Representative District 50 (Vote For 1)","Dennis Evans","DEM",4346,33.14,25583,19215,3,3,"0","0"
265,"State Representative District 50 (Vote For 1)","Write-in","",5,0.04,25583,19215,3,3,"0","0"
266,"State Representative District 51 (Vote For 1)","Jane Bloomingdale","REP",7379,58.39,24952,21749,4,4,"0","0"
267,"State Representative District 51 (Vote For 1)","Tim Knutson","DEM",5254,41.58,24952,21749,4,4,"0","0"
268,"State Representative District 51 (Vote For 1)","Write-in","",4,0.03,24952,21749,4,4,"0","0"
269,"State Representative District 52 (Vote For 1)","Todd Prichard","DEM",9465,97.26,49534,30835,3,3,"0","0"
270,"State Representative District 52 (Vote For 1)","Write-in","",267,2.74,49534,30835,3,3,"0","0"
271,"State Representative District 53 (Vote For 1)","Sharon Steckman","DEM",9787,96.54,31105,19179,1,1,"0","0"
272,"State Representative District 53 (Vote For 1)","Write-in","",351,3.46,31105,19179,1,1,"0","0"
273,"State Representative District 54 (Vote For 1)","Linda Upmeyer","REP",10370,97.33,47222,29488,3,3,"0","0"
274,"State Representative District 54 (Vote For 1)","Write-in","",284,2.67,47222,29488,3,3,"0","0"
275,"State Representative District 55 (Vote For 1)","Michael Bergan","REP",6924,50.01,25937,26182,3,3,"1","31"
276,"State Representative District 55 (Vote For 1)","Kayla Koether","DEM",6915,49.94,25937,26182,3,3,"1","31"
277,"State Representative District 55 (Vote For 1)","Write-in","",7,0.05,25937,26182,3,3,"1","31"
278,"State Representative District 56 (Vote For 1)","Anne Osmundson","REP",7090,57.92,9997,13682,2,2,"0","0"
279,"State Representative District 56 (Vote For 1)","Lori Egan","DEM",5136,41.96,9997,13682,2,2,"0","0"
280,"State Representative District 56 (Vote For 1)","Write-in","",15,0.12,9997,13682,2,2,"0","0"
281,"State Representative District 57 (Vote For 1)","Shannon Lundgren","REP",8655,54.93,69711,0,1,1,"0","0"
282,"State Representative District 57 (Vote For 1)","Nancy Fett","DEM",6627,42.06,69711,0,1,1,"0","0"
283,"State Representative District 57 (Vote For 1)","Lucas J. Link","LIB",471,2.99,69711,0,1,1,"0","0"
284,"State Representative District 57 (Vote For 1)","Write-in","",4,0.03,69711,0,1,1,"0","0"
285,"State Representative District 58 (Vote For 1)","Andy McKean","REP",9004,69.17,98187,17362,3,3,"0","0"
286,"State Representative District 58 (Vote For 1)","Joe Oclon","DEM",4004,30.76,98187,17362,3,3,"0","0"
287,"State Representative District 58 (Vote For 1)","Write-in","",10,0.08,98187,17362,3,3,"0","0"
288,"State Representative District 59 (Vote For 1)","Bob Kressig","DEM",10431,96.41,89192,53470,1,1,"4","2966"
289,"State Representative District 59 (Vote For 1)","Write-in","",388,3.59,89192,53470,1,1,"4","2966"
290,"State Representative District 60 (Vote For 1)","Walt Rogers","REP",7711,49.21,89192,53470,1,1,"7","187"
291,"State Representative District 60 (Vote For 1)","Dave Williams","DEM",7945,50.71,89192,53470,1,1,"7","187"
292,"State Representative District 60 (Vote For 1)","Write-in","",13,0.08,89192,53470,1,1,"7","187"
293,"State Representative District 61 (Vote For 1)","Timi Brown-Powers","DEM",7596,97.47,89192,53470,1,1,"9","2621"
294,"State Representative District 61 (Vote For 1)","Write-in","",197,2.53,89192,53470,1,1,"9","2621"
295,"State Representative District 62 (Vote For 1)","Ras Smith","DEM",7005,97.37,89192,53470,1,1,"4","1892"
296,"State Representative District 62 (Vote For 1)","Write-in","",189,2.63,89192,53470,1,1,"4","1892"
297,"State Representative District 63 (Vote For 1)","Sandy Salmon","REP",8059,56.62,100675,64953,2,2,"1","47"
298,"State Representative District 63 (Vote For 1)","Eric Stromberg","DEM",6168,43.33,100675,64953,2,2,"1","47"
299,"State Representative District 63 (Vote For 1)","Write-in","",7,0.05,100675,64953,2,2,"1","47"
300,"State Representative District 64 (Vote For 1)","Bruce Bearinger","DEM",9008,97.07,24993,16807,2,2,"0","0"
301,"State Representative District 64 (Vote For 1)","Write-in","",272,2.93,24993,16807,2,2,"0","0"
302,"State Representative District 65 (Vote For 1)","George M. Olmsted","REP",3956,30.48,154556,102448,1,1,"9","342"
303,"State Representative District 65 (Vote For 1)","Liz Bennett","DEM",9002,69.36,154556,102448,1,1,"9","342"
304,"State Representative District 65 (Vote For 1)","Write-in","",20,0.15,154556,102448,1,1,"9","342"
305,"State Representative District 66 (Vote For 1)","Teresa Daubitz","REP",5571,38.92,154556,102448,1,1,"6","313"
306,"State Representative District 66 (Vote For 1)","Art Staed","DEM",8725,60.96,154556,102448,1,1,"6","313"
307,"State Representative District 66 (Vote For 1)","Write-in","",17,0.12,154556,102448,1,1,"6","313"
308,"State Representative District 67 (Vote For 1)","Ashley Hinson","REP",8593,51.96,154556,102448,1,1,"7","167"
309,"State Representative District 67 (Vote For 1)","Eric Gjerde","DEM",7932,47.97,154556,102448,1,1,"7","167"
310,"State Representative District 67 (Vote For 1)","Write-in","",12,0.07,154556,102448,1,1,"7","167"
311,"State Representative District 68 (Vote For 1)","Randy Ray","REP",6979,44.73,154556,102448,1,1,"10","286"
312,"State Representative District 68 (Vote For 1)","Molly Donahue","DEM",8608,55.17,154556,102448,1,1,"10","286"
313,"State Representative District 68 (Vote For 1)","Write-in","",15,0.10,154556,102448,1,1,"10","286"
314,"State Representative District 69 (Vote For 1)","Kirsten Running-Marquardt","DEM",8276,75.14,154556,102448,1,1,"14","1867"
315,"State Representative District 69 (Vote For 1)","Joshua Henderson","",2627,23.85,154556,102448,1,1,"14","1867"
316,"State Representative District 69 (Vote For 1)","Write-in","",111,1.01,154556,102448,1,1,"14","1867"
317,"State Representative District 70 (Vote For 1)","Tracy Ehlert","DEM",9364,76.50,154556,102448,1,1,"8","2048"
318,"State Representative District 70 (Vote For 1)","Myra Matejka","LIB",2764,22.58,154556,102448,1,1,"8","2048"
319,"State Representative District 70 (Vote For 1)","Write-in","",113,0.92,154556,102448,1,1,"8","2048"
320,"State Representative District 71 (Vote For 1)","James Perez","REP",4172,41.52,25233,14726,1,1,"0","0"
321,"State Representative District 71 (Vote For 1)","Mark Smith","DEM",5868,58.40,25233,14726,1,1,"0","0"
322,"State Representative District 71 (Vote For 1)","Write-in","",8,0.08,25233,14726,1,1,"0","0"
323,"State Representative District 72 (Vote For 1)","Dean Fisher","REP",7708,59.46,125555,75561,3,3,"1","42"
324,"State Representative District 72 (Vote For 1)","Mindy Benson","DEM",5243,40.44,125555,75561,3,3,"1","42"
325,"State Representative District 72 (Vote For 1)","Write-in","",13,0.10,125555,75561,3,3,"1","42"
326,"State Representative District 73 (Vote For 1)","Bobby Kaufmann","REP",8004,55.71,44061,91528,3,3,"0","0"
327,"State Representative District 73 (Vote For 1)","Jodi Clemens","DEM",6349,44.19,44061,91528,3,3,"0","0"
328,"State Representative District 73 (Vote For 1)","Write-in","",13,0.09,44061,91528,3,3,"0","0"
329,"State Representative District 74 (Vote For 1)","Dave Jacoby","DEM",12514,98.09,7311,68262,1,1,"1","2494"
330,"State Representative District 74 (Vote For 1)","Write-in","",244,1.91,7311,68262,1,1,"1","2494"
331,"State Representative District 75 (Vote For 1)","Thomas Gerhold","REP",7904,60.02,30194,19379,2,2,"0","0"
332,"State Representative District 75 (Vote For 1)","Paula Denison","DEM",4918,37.34,30194,19379,2,2,"0","0"
333,"State Representative District 75 (Vote For 1)","John George","LIB",342,2.60,30194,19379,2,2,"0","0"
334,"State Representative District 75 (Vote For 1)","Write-in","",6,0.05,30194,19379,2,2,"0","0"
335,"State Representative District 76 (Vote For 1)","David Maxwell","REP",8068,58.41,26742,16046,2,2,"0","0"
336,"State Representative District 76 (Vote For 1)","Ann Egley","DEM",5731,41.49,26742,16046,2,2,"0","0"
337,"State Representative District 76 (Vote For 1)","Write-in","",13,0.09,26742,16046,2,2,"0","0"
338,"State Representative District 77 (Vote For 1)","Amy Nielsen","DEM",12330,96.49,7311,68262,1,1,"0","4209"
339,"State Representative District 77 (Vote For 1)","Write-in","",448,3.51,7311,68262,1,1,"0","4209"
340,"State Representative District 78 (Vote For 1)","Jarad Klein","REP",7766,63.91,21883,13331,2,2,"0","0"
341,"State Representative District 78 (Vote For 1)","Kimberly K. Davis","DEM",4369,35.96,21883,13331,2,2,"0","0"
342,"State Representative District 78 (Vote For 1)","Write-in","",16,0.13,21883,13331,2,2,"0","0"
343,"State Representative District 79 (Vote For 1)","Dustin D. Hite","REP",9186,72.93,38739,23738,2,2,"0","0"
344,"State Representative District 79 (Vote For 1)","Samantha Keith","DEM",2978,23.64,38739,23738,2,2,"0","0"
345,"State Representative District 79 (Vote For 1)","Nicholas Ryan","LIB",427,3.39,38739,23738,2,2,"0","0"
346,"State Representative District 79 (Vote For 1)","Write-in","",5,0.04,38739,23738,2,2,"0","0"
347,"State Representative District 80 (Vote For 1)","Holly Brink","REP",7630,63.40,47100,29095,4,4,"0","0"
348,"State Representative District 80 (Vote For 1)","Susan McDanel","DEM",4391,36.49,47100,29095,4,4,"0","0"
349,"State Representative District 80 (Vote For 1)","Write-in","",13,0.11,47100,29095,4,4,"0","0"
350,"State Representative District 81 (Vote For 1)","Cherielynn Westrich","REP",4501,45.55,22126,12174,1,1,"3","194"
351,"State Representative District 81 (Vote For 1)","Mary Gaskill","DEM",5372,54.36,22126,12174,1,1,"3","194"
352,"State Representative District 81 (Vote For 1)","Write-in","",9,0.09,22126,12174,1,1,"3","194"
353,"State Representative District 82 (Vote For 1)","Jeff Shipley","REP",6120,50.08,20237,13262,3,3,"0","0"
354,"State Representative District 82 (Vote For 1)","Phil Miller","DEM",6083,49.78,20237,13262,3,3,"0","0"
355,"State Representative District 82 (Vote For 1)","Write-in","",17,0.14,20237,13262,3,3,"0","0"
356,"State Representative District 83 (Vote For 1)","Jeffrey D. Reichman","REP",4705,45.80,23612,12689,1,1,"1","99"
357,"State Representative District 83 (Vote For 1)","Jeff Kurtz","DEM",5552,54.04,23612,12689,1,1,"1","99"
358,"State Representative District 83 (Vote For 1)","Write-in","",17,0.17,23612,12689,1,1,"1","99"
359,"State Representative District 84 (Vote For 1)","Joe Mitchell","REP",6982,61.91,62861,36567,4,4,"0","0"
360,"State Representative District 84 (Vote For 1)","Jason Moats","DEM",4289,38.03,62861,36567,4,4,"0","0"
361,"State Representative District 84 (Vote For 1)","Write-in","",7,0.06,62861,36567,4,4,"0","0"
362,"State Representative District 85 (Vote For 1)","Vicki Lensing","DEM",14183,98.51,7311,68262,1,1,"0","2153"
363,"State Representative District 85 (Vote For 1)","Write-in","",214,1.49,7311,68262,1,1,"0","2153"
364,"State Representative District 86 (Vote For 1)","Mary Mascher","DEM",11900,98.29,7311,68262,1,1,"2","2005"
365,"State Representative District 86 (Vote For 1)","Write-in","",207,1.71,7311,68262,1,1,"2","2005"
366,"State Representative District 87 (Vote For 1)","Tim Goodwin","REP",4596,43.31,28184,15251,1,1,"0","0"
367,"State Representative District 87 (Vote For 1)","Dennis M. Cohoon","DEM",6010,56.63,28184,15251,1,1,"0","0"
368,"State Representative District 87 (Vote For 1)","Write-in","",7,0.07,28184,15251,1,1,"0","0"
369,"State Representative District 88 (Vote For 1)","David Kerr","REP",6279,54.79,63545,34216,3,3,"0","0"
370,"State Representative District 88 (Vote For 1)","Lanny Hillyard","DEM",4965,43.32,63545,34216,3,3,"0","0"
371,"State Representative District 88 (Vote For 1)","Corey Gingerich","",214,1.87,63545,34216,3,3,"0","0"
372,"State Representative District 88 (Vote For 1)","Write-in","",3,0.03,63545,34216,3,3,"0","0"
373,"State Representative District 89 (Vote For 1)","Monica Kurth","DEM",8261,96.02,127185,69543,1,1,"2","2862"
374,"State Representative District 89 (Vote For 1)","Write-in","",342,3.98,127185,69543,1,1,"2","2862"
375,"State Representative District 90 (Vote For 1)","Cindy Winckler","DEM",6135,96.10,127185,69543,1,1,"1","1747"
376,"State Representative District 90 (Vote For 1)","Write-in","",249,3.90,127185,69543,1,1,"1","1747"
377,"State Representative District 91 (Vote For 1)","Gary Carlson","REP",5669,53.65,28595,15111,1,1,"3","153"
378,"State Representative District 91 (Vote For 1)","Laura J. Liegois","DEM",4880,46.19,28595,15111,1,1,"3","153"
379,"State Representative District 91 (Vote For 1)","Write-in","",17,0.16,28595,15111,1,1,"3","153"
380,"State Representative District 92 (Vote For 1)","Ross Paustian","REP",6552,52.53,127185,69543,1,1,"4","215"
381,"State Representative District 92 (Vote For 1)","Jean Simpson","DEM",5911,47.39,127185,69543,1,1,"4","215"
382,"State Representative District 92 (Vote For 1)","Write-in","",10,0.08,127185,69543,1,1,"4","215"
383,"State Representative District 93 (Vote For 1)","Phyllis Thede","DEM",9660,95.23,127185,69543,1,1,"1","3702"
384,"State Representative District 93 (Vote For 1)","Write-in","",484,4.77,127185,69543,1,1,"1","3702"
385,"State Representative District 94 (Vote For 1)","Gary Mohr","REP",9226,54.90,127185,69543,1,1,"4","317"
386,"State Representative District 94 (Vote For 1)","Joan Marttila","DEM",7572,45.06,127185,69543,1,1,"4","317"
387,"State Representative District 94 (Vote For 1)","Write-in","",7,0.04,127185,69543,1,1,"4","317"
388,"State Representative District 95 (Vote For 1)","Louis J. Zumbach","REP",8227,53.89,167774,110982,2,2,"0","0"
389,"State Representative District 95 (Vote For 1)","Christian Andrews","DEM",7029,46.04,167774,110982,2,2,"0","0"
390,"State Representative District 95 (Vote For 1)","Write-in","",11,0.07,167774,110982,2,2,"0","0"
391,"State Representative District 96 (Vote For 1)","Lee Hein","REP",7721,62.42,25590,16326,2,2,"1","219"
392,"State Representative District 96 (Vote For 1)","Reenie Montgomery","DEM",4629,37.42,25590,16326,2,2,"1","219"
393,"State Representative District 96 (Vote For 1)","Write-in","",19,0.15,25590,16326,2,2,"1","219"
394,"State Representative District 97 (Vote For 1)","Norlin Mommsen","REP",7580,53.13,160429,87922,2,2,"5","109"
395,"State Representative District 97 (Vote For 1)","Tim McClimon","DEM",6322,44.32,160429,87922,2,2,"5","109"
396,"State Representative District 97 (Vote For 1)","David Melchert Jr.","LIB",359,2.52,160429,87922,2,2,"5","109"
397,"State Representative District 97 (Vote For 1)","Write-in","",5,0.04,160429,87922,2,2,"5","109"
398,"State Representative District 98 (Vote For 1)","Mary Wolfe","DEM",7614,96.15,33244,18379,1,1,"1","2245"
399,"State Representative District 98 (Vote For 1)","Write-in","",305,3.85,33244,18379,1,1,"1","2245"
400,"State Representative District 99 (Vote For 1)","Pauline Chilton","REP",5564,39.59,69711,0,1,1,"0","0"
401,"State Representative District 99 (Vote For 1)","Lindsay James","DEM",8476,60.31,69711,0,1,1,"0","0"
402,"State Representative District 99 (Vote For 1)","Write-in","",14,0.10,69711,0,1,1,"0","0"
403,"State Representative District 100 (Vote For 1)","Hank Linden","REP",4015,37.06,69711,0,1,1,"0","0"
404,"State Representative District 100 (Vote For 1)","Charles Isenhart","DEM",6799,62.76,69711,0,1,1,"0","0"
405,"State Representative District 100 (Vote For 1)","Write-in","",19,0.18,69711,0,1,1,"0","0"
406,"Court of Appeals Judge Michael R. Mullins (Vote For 1)","Yes","",707853,75.25,1845630,1291184,99,99,"0","0"
407,"Court of Appeals Judge Michael R. Mullins (Vote For 1)","No","",232844,24.75,1845630,1291184,99,99,"0","0"
408,"Court of Appeals Judge Mary Ellen Tabor (Vote For 1)","Yes","",720549,76.15,1845630,1291184,99,99,"0","0"
409,"Court of Appeals Judge Mary Ellen Tabor (Vote For 1)","No","",225736,23.85,1845630,1291184,99,99,"0","0"
410,"Court of Appeals Judge Anuradha Vaitheswaran (Vote For 1)","Yes","",652687,70.04,1845630,1291184,99,99,"0","0"
411,"Court of Appeals Judge Anuradha Vaitheswaran (Vote For 1)","No","",279208,29.96,1845630,1291184,99,99,"0","0"
412,"District 1A District Judge John J. Bauercamper (Vote For 1)","Yes","",41327,79.16,105762,31327,5,5,"0","0"
413,"District 1A District Judge John J. Bauercamper (Vote For 1)","No","",10882,20.84,105762,31327,5,5,"0","0"
414,"District 1A District Judge Thomas Bitter (Vote For 1)","Yes","",43193,79.01,105762,31327,5,5,"0","0"
415,"District 1A District Judge Thomas Bitter (Vote For 1)","No","",11476,20.99,105762,31327,5,5,"0","0"
416,"District 1A District Judge Monica Wittig (Vote For 1)","Yes","",39110,73.01,105762,31327,5,5,"0","0"
417,"District 1A District Judge Monica Wittig (Vote For 1)","No","",14456,26.99,105762,31327,5,5,"0","0"
418,"District 1B District Judge Andrea J. Dryer (Vote For 1)","Yes","",49464,80.02,137477,85009,6,6,"67","14769"
419,"District 1B District Judge Andrea J. Dryer (Vote For 1)","No","",12354,19.98,137477,85009,6,6,"67","14769"
420,"District 1B District Judge Kellyann Lekar (Vote For 1)","Yes","",48549,78.85,137477,85009,6,6,"23","14935"
421,"District 1B District Judge Kellyann Lekar (Vote For 1)","No","",13024,21.15,137477,85009,6,6,"23","14935"
422,"District 1B District Judge David F. Staudt (Vote For 1)","Yes","",46911,77.24,137477,85009,6,6,"7","15681"
423,"District 1B District Judge David F. Staudt (Vote For 1)","No","",13822,22.76,137477,85009,6,6,"7","15681"
424,"District 2A District Judge Rustin Davenport (Vote For 1)","Yes","",37054,74.28,88707,64962,9,9,"0","0"
425,"District 2A District Judge Rustin Davenport (Vote For 1)","No","",12831,25.72,88707,64962,9,9,"0","0"
426,"District 2A District Judge James M. Drew (Vote For 1)","Yes","",39820,78.09,88707,64962,9,9,"0","0"
427,"District 2A District Judge James M. Drew (Vote For 1)","No","",11174,21.91,88707,64962,9,9,"0","0"
428,"District 2B District Judge Adria Kester (Vote For 1)","Yes","",66519,77.06,208872,132063,13,13,"0","0"
429,"District 2B District Judge Adria Kester (Vote For 1)","No","",19800,22.94,208872,132063,13,13,"0","0"
430,"District 2B District Judge Steven J. Oeth (Vote For 1)","Yes","",65047,75.47,208872,132063,13,13,"0","0"
431,"District 2B District Judge Steven J. Oeth (Vote For 1)","No","",21147,24.53,208872,132063,13,13,"0","0"
432,"District 2B District Judge Kurt John Stoebe (Vote For 1)","Yes","",66258,76.04,208872,132063,13,13,"0","0"
433,"District 2B District Judge Kurt John Stoebe (Vote For 1)","No","",20872,23.96,208872,132063,13,13,"0","0"
434,"District 2B District Judge Kurt L. Wilke (Vote For 1)","Yes","",67186,76.70,208872,132063,13,13,"0","0"
435,"District 2B District Judge Kurt L. Wilke (Vote For 1)","No","",20408,23.30,208872,132063,13,13,"0","0"
436,"District 3A District Judge David A. Lester (Vote For 1)","Yes","",32278,80.70,75780,56299,10,10,"0","0"
437,"District 3A District Judge David A. Lester (Vote For 1)","No","",7719,19.30,75780,56299,10,10,"0","0"
438,"District 3A District Judge Nancy L. Whittenburg (Vote For 1)","Yes","",32559,79.62,75780,56299,10,10,"0","0"
439,"District 3A District Judge Nancy L. Whittenburg (Vote For 1)","No","",8335,20.38,75780,56299,10,10,"0","0"
440,"District 3B District Judge Jeffrey L. Poulson (Vote For 1)","Yes","",39782,78.72,59302,73843,6,6,"0","0"
441,"District 3B District Judge Jeffrey L. Poulson (Vote For 1)","No","",10753,21.28,59302,73843,6,6,"0","0"
442,"District 3B District Judge Julie Ann Schumacher (Vote For 1)","Yes","",41514,80.92,59302,73843,6,6,"0","0"
443,"District 3B District Judge Julie Ann Schumacher (Vote For 1)","No","",9790,19.08,59302,73843,6,6,"0","0"
444,"District 4 District Judge Greg W. Steensland (Vote For 1)","Yes","",37768,69.07,63922,73195,9,9,"0","0"
445,"District 4 District Judge Greg W. Steensland (Vote For 1)","No","",16911,30.93,63922,73195,9,9,"0","0"
446,"District 5A District Judge Randy Hefner (Vote For 1)","Yes","",55385,72.29,156982,110029,6,6,"0","0"
447,"District 5A District Judge Randy Hefner (Vote For 1)","No","",21231,27.71,156982,110029,6,6,"0","0"
448,"District 5A District Judge Bradley McCall (Vote For 1)","Yes","",55593,72.70,156982,110029,6,6,"0","0"
449,"District 5A District Judge Bradley McCall (Vote For 1)","No","",20877,27.30,156982,110029,6,6,"0","0"
450,"District 5A District Judge Terry R. Rickers (Vote For 1)","Yes","",55224,72.14,156982,110029,6,6,"0","0"
451,"District 5A District Judge Terry R. Rickers (Vote For 1)","No","",21323,27.86,156982,110029,6,6,"0","0"
452,"District 5B District Judge Patrick W. Greenwood (Vote For 1)","Yes","",15967,73.41,34028,27674,9,9,"0","0"
453,"District 5B District Judge Patrick W. Greenwood (Vote For 1)","No","",5783,26.59,34028,27674,9,9,"0","0"
454,"District 5C District Judge Heather L. Lauber (Vote For 1)","Yes","",107794,78.24,309811,207423,1,1,"0","0"
455,"District 5C District Judge Heather L. Lauber (Vote For 1)","No","",29986,21.76,309811,207423,1,1,"0","0"
456,"District 5C District Judge David N. May (Vote For 1)","Yes","",101374,74.60,309811,207423,1,1,"0","0"
457,"District 5C District Judge David N. May (Vote For 1)","No","",34509,25.40,309811,207423,1,1,"0","0"
458,"District 6 District Judge Andrew B. Chappell (Vote For 1)","Yes","",112476,77.56,216889,206085,6,6,"0","0"
459,"District 6 District Judge Andrew B. Chappell (Vote For 1)","No","",32551,22.44,216889,206085,6,6,"0","0"
460,"District 6 District Judge Paul Miller (Vote For 1)","Yes","",113118,77.97,216889,206085,6,6,"0","0"
461,"District 6 District Judge Paul Miller (Vote For 1)","No","",31953,22.03,216889,206085,6,6,"0","0"
462,"District 6 District Judge Mitchell E. Turner (Vote For 1)","Yes","",111596,76.84,216889,206085,6,6,"0","0"
463,"District 6 District Judge Mitchell E. Turner (Vote For 1)","No","",33627,23.16,216889,206085,6,6,"0","0"
464,"District 7 District Judge Mark D. Cleve (Vote For 1)","Yes","",63180,71.38,211957,119919,5,5,"0","0"
465,"District 7 District Judge Mark D. Cleve (Vote For 1)","No","",25332,28.62,211957,119919,5,5,"0","0"
466,"District 7 District Judge Thomas Reidel (Vote For 1)","Yes","",63062,71.34,211957,119919,5,5,"0","0"
467,"District 7 District Judge Thomas Reidel (Vote For 1)","No","",25337,28.66,211957,119919,5,5,"0","0"
468,"District 7 District Judge Nancy S. Tabor (Vote For 1)","Yes","",66159,72.77,211957,119919,5,5,"0","0"
469,"District 7 District Judge Nancy S. Tabor (Vote For 1)","No","",24758,27.23,211957,119919,5,5,"0","0"
470,"District 7 District Judge John D. Telleen (Vote For 1)","Yes","",61874,70.18,211957,119919,5,5,"0","0"
471,"District 7 District Judge John D. Telleen (Vote For 1)","No","",26289,29.82,211957,119919,5,5,"0","0"
472,"District 8A District Judge Crystal S. Cronk (Vote For 1)","Yes","",32436,72.91,103810,64046,10,10,"0","0"
473,"District 8A District Judge Crystal S. Cronk (Vote For 1)","No","",12054,27.09,103810,64046,10,10,"0","0"
474,"District 8A District Judge Lucy J. Gamon (Vote For 1)","Yes","",32786,73.08,103810,64046,10,10,"0","0"
475,"District 8A District Judge Lucy J. Gamon (Vote For 1)","No","",12078,26.92,103810,64046,10,10,"0","0"
476,"District 8A District Judge Myron Gookin (Vote For 1)","Yes","",32321,72.28,103810,64046,10,10,"0","0"
477,"District 8A District Judge Myron Gookin (Vote For 1)","No","",12396,27.72,103810,64046,10,10,"0","0"
478,"District 8A District Judge Shawn R. Showers (Vote For 1)","Yes","",31772,72.19,103810,64046,10,10,"0","0"
479,"District 8A District Judge Shawn R. Showers (Vote For 1)","No","",12241,27.81,103810,64046,10,10,"0","0"
480,"District 8B District Judge Mark Kruse (Vote For 1)","Yes","",23895,78.97,72331,39310,4,4,"0","0"
481,"District 8B District Judge Mark Kruse (Vote For 1)","No","",6362,21.03,72331,39310,4,4,"0","0"
482,"District 8B District Judge John M. Wright (Vote For 1)","Yes","",23006,76.92,72331,39310,4,4,"0","0"
483,"District 8B District Judge John M. Wright (Vote For 1)","No","",6903,23.08,72331,39310,4,4,"0","0"
484,"District 1A District Associate Judge Robert J. Richter (Vote For 1)","Yes","",43125,81.33,105762,31327,5,5,"0","0"
485,"District 1A District Associate Judge Robert J. Richter (Vote For 1)","No","",9897,18.67,105762,31327,5,5,"0","0"
486,"District 1B District Associate Judge Jeffrey L. Harris (Vote For 1)","Yes","",47520,77.21,137477,85009,6,6,"109","14974"
487,"District 1B District Associate Judge Jeffrey L. Harris (Vote For 1)","No","",14028,22.79,137477,85009,6,6,"109","14974"
488,"District 1B District Associate Judge Brook K. Jacobsen (Vote For 1)","Yes","",49015,80.08,137477,85009,6,6,"42","15251"
489,"District 1B District Associate Judge Brook K. Jacobsen (Vote For 1)","No","",12191,19.92,137477,85009,6,6,"42","15251"
490,"District 1B District Associate Judge Patrick Wegman (Vote For 1)","Yes","",48071,78.57,137477,85009,6,6,"8","15663"
491,"District 1B District Associate Judge Patrick Wegman (Vote For 1)","No","",13109,21.43,137477,85009,6,6,"8","15663"
492,"District 2B District Associate Judge Paul B. Ahlers (Vote For 1)","Yes","",64529,75.31,208872,132063,13,13,"0","0"
493,"District 2B District Associate Judge Paul B. Ahlers (Vote For 1)","No","",21153,24.69,208872,132063,13,13,"0","0"
494,"District 2B District Associate Judge Paul G. Crawford (Vote For 1)","Yes","",64930,76.06,208872,132063,13,13,"0","0"
495,"District 2B District Associate Judge Paul G. Crawford (Vote For 1)","No","",20432,23.94,208872,132063,13,13,"0","0"
496,"District 2B District Associate Judge Angela L. Doyle (Vote For 1)","Yes","",67971,78.50,208872,132063,13,13,"0","0"
497,"District 2B District Associate Judge Angela L. Doyle (Vote For 1)","No","",18618,21.50,208872,132063,13,13,"0","0"
498,"District 2B District Associate Judge Joseph B. McCarville (Vote For 1)","Yes","",63927,73.92,208872,132063,13,13,"0","0"
499,"District 2B District Associate Judge Joseph B. McCarville (Vote For 1)","No","",22558,26.08,208872,132063,13,13,"0","0"
500,"District 2B District Associate Judge Kim M. Riley (Vote For 1)","Yes","",67404,78.30,208872,132063,13,13,"0","0"
501,"District 2B District Associate Judge Kim M. Riley (Vote For 1)","No","",18681,21.70,208872,132063,13,13,"0","0"
502,"District 3B District Associate Judge Stephanie Forker Parry (Vote For 1)","Yes","",39295,78.47,59302,73843,6,6,"0","0"
503,"District 3B District Associate Judge Stephanie Forker Parry (Vote For 1)","No","",10780,21.53,59302,73843,6,6,"0","0"
504,"District 3B District Associate Judge Todd A. Hensley (Vote For 1)","Yes","",39927,79.27,59302,73843,6,6,"0","0"
505,"District 3B District Associate Judge Todd A. Hensley (Vote For 1)","No","",10443,20.73,59302,73843,6,6,"0","0"
506,"District 4 District Associate Judge Craig M. Dreismeier (Vote For 1)","Yes","",37983,70.67,63922,73195,9,9,"0","0"
507,"District 4 District Associate Judge Craig M. Dreismeier (Vote For 1)","No","",15767,29.33,63922,73195,9,9,"0","0"
508,"District 4 District Associate Judge Amy L. Zacharias (Vote For 1)","Yes","",40271,73.66,63922,73195,9,9,"0","0"
509,"District 4 District Associate Judge Amy L. Zacharias (Vote For 1)","No","",14398,26.34,63922,73195,9,9,"0","0"
510,"District 5A District Associate Judge Virginia Cobb (Vote For 1)","Yes","",56642,73.36,156982,110029,6,6,"0","0"
511,"District 5A District Associate Judge Virginia Cobb (Vote For 1)","No","",20569,26.64,156982,110029,6,6,"0","0"
512,"District 5A District Associate Judge Kevin Parker (Vote For 1)","Yes","",57179,73.85,156982,110029,6,6,"0","0"
513,"District 5A District Associate Judge Kevin Parker (Vote For 1)","No","",20244,26.15,156982,110029,6,6,"0","0"
514,"District 5C District Associate Judge Romonda D. Belcher (Vote For 1)","Yes","",103233,75.44,309811,207423,1,1,"0","0"
515,"District 5C District Associate Judge Romonda D. Belcher (Vote For 1)","No","",33615,24.56,309811,207423,1,1,"0","0"
516,"District 5C District Associate Judge Gregory D. Brandt (Vote For 1)","Yes","",100638,74.09,309811,207423,1,1,"0","0"
517,"District 5C District Associate Judge Gregory D. Brandt (Vote For 1)","No","",35192,25.91,309811,207423,1,1,"0","0"
518,"District 5C District Associate Judge Carol L. Coppola (Vote For 1)","Yes","",107848,77.88,309811,207423,1,1,"0","0"
519,"District 5C District Associate Judge Carol L. Coppola (Vote For 1)","No","",30637,22.12,309811,207423,1,1,"0","0"
520,"District 5C District Associate Judge Carol S. Egly (Vote For 1)","Yes","",106789,77.37,309811,207423,1,1,"0","0"
521,"District 5C District Associate Judge Carol S. Egly (Vote For 1)","No","",31233,22.63,309811,207423,1,1,"0","0"
522,"District 5C District Associate Judge Becky S. Goettsch (Vote For 1)","Yes","",106227,78.03,309811,207423,1,1,"0","0"
523,"District 5C District Associate Judge Becky S. Goettsch (Vote For 1)","No","",29910,21.97,309811,207423,1,1,"0","0"
524,"District 5C District Associate Judge William A. Price (Vote For 1)","Yes","",99311,73.46,309811,207423,1,1,"0","0"
525,"District 5C District Associate Judge William A. Price (Vote For 1)","No","",35874,26.54,309811,207423,1,1,"0","0"
526,"District 5C District Associate Judge Rachael Seymour (Vote For 1)","Yes","",104097,76.18,309811,207423,1,1,"0","0"
527,"District 5C District Associate Judge Rachael Seymour (Vote For 1)","No","",32558,23.82,309811,207423,1,1,"0","0"
528,"District 6 District Associate Judge Deborah Farmer Minot (Vote For 1)","Yes","",112522,76.49,216889,206085,6,6,"0","0"
529,"District 6 District Associate Judge Deborah Farmer Minot (Vote For 1)","No","",34576,23.51,216889,206085,6,6,"0","0"
530,"District 6 District Associate Judge Nicholas Scott (Vote For 1)","Yes","",113297,78.33,216889,206085,6,6,"0","0"
531,"District 6 District Associate Judge Nicholas Scott (Vote For 1)","No","",31336,21.67,216889,206085,6,6,"0","0"
532,"District 7 District Associate Judge Gary P. Strausser (Vote For 1)","Yes","",64821,72.76,211957,119919,5,5,"0","0"
533,"District 7 District Associate Judge Gary P. Strausser (Vote For 1)","No","",24273,27.24,211957,119919,5,5,"0","0"
534,"District 8A District Associate Judge Daniel P. Kitchen (Vote For 1)","Yes","",33681,74.58,103810,64046,10,10,"0","0"
535,"District 8A District Associate Judge Daniel P. Kitchen (Vote For 1)","No","",11479,25.42,103810,64046,10,10,"0","0"
536,"District 8B District Associate Judge Jennifer Slocum Bailey (Vote For 1)","Yes","",23552,78.56,72331,39310,4,4,"0","0"
537,"District 8B District Associate Judge Jennifer Slocum Bailey (Vote For 1)","No","",6426,21.44,72331,39310,4,4,"0","0"
538,"District 8B District Associate Judge Tyron T. Rogers (Vote For 1)","Yes","",21896,74.59,72331,39310,4,4,"0","0"
539,"District 8B District Associate Judge Tyron T. Rogers (Vote For 1)","No","",7459,25.41,72331,39310,4,4,"0","0"
